{
  "DELETE /api/user/{id}" : {
    "transaction" : "DELETE /api/user/{id}",
    "sampleCount" : 400,
    "errorCount" : 0,
    "errorPct" : 0.0,
    "meanResTime" : 17.46999999999998,
    "medianResTime" : 16.0,
    "minResTime" : 4.0,
    "maxResTime" : 53.0,
    "pct1ResTime" : 28.0,
    "pct2ResTime" : 33.0,
    "pct3ResTime" : 43.99000000000001,
    "throughput" : 311.7692907248636,
    "receivedKBytesPerSec" : 31.05514419329696,
    "sentKBytesPerSec" : 65.45937256430243
  },
  "POST /api/category" : {
    "transaction" : "POST /api/category",
    "sampleCount" : 400,
    "errorCount" : 0,
    "errorPct" : 0.0,
    "meanResTime" : 4.300000000000004,
    "medianResTime" : 4.0,
    "minResTime" : 2.0,
    "maxResTime" : 28.0,
    "pct1ResTime" : 6.0,
    "pct2ResTime" : 8.949999999999989,
    "pct3ResTime" : 19.99000000000001,
    "throughput" : 199.70044932601098,
    "receivedKBytesPerSec" : 60.456190713929104,
    "sentKBytesPerSec" : 44.269533200199696
  },
  "POST /api/order/{order_id}/orderItem/{item_id}" : {
    "transaction" : "POST /api/order/{order_id}/orderItem/{item_id}",
    "sampleCount" : 400,
    "errorCount" : 0,
    "errorPct" : 0.0,
    "meanResTime" : 15.222499999999993,
    "medianResTime" : 11.0,
    "minResTime" : 6.0,
    "maxResTime" : 86.0,
    "pct1ResTime" : 28.800000000000068,
    "pct2ResTime" : 39.94999999999999,
    "pct3ResTime" : 60.97000000000003,
    "throughput" : 158.16528272044286,
    "receivedKBytesPerSec" : 87.57784697508897,
    "sentKBytesPerSec" : 33.82636417556346
  },
  "POST /api/user/{user_id}/addRate/{item_id}" : {
    "transaction" : "POST /api/user/{user_id}/addRate/{item_id}",
    "sampleCount" : 400,
    "errorCount" : 0,
    "errorPct" : 0.0,
    "meanResTime" : 10.857499999999995,
    "medianResTime" : 10.0,
    "minResTime" : 4.0,
    "maxResTime" : 32.0,
    "pct1ResTime" : 17.0,
    "pct2ResTime" : 20.0,
    "pct3ResTime" : 25.99000000000001,
    "throughput" : 346.0207612456747,
    "receivedKBytesPerSec" : 103.40073529411765,
    "sentKBytesPerSec" : 81.77443771626298
  },
  "GET /api/user/{user_id}" : {
    "transaction" : "GET /api/user/{user_id}",
    "sampleCount" : 400,
    "errorCount" : 0,
    "errorPct" : 0.0,
    "meanResTime" : 5.757500000000005,
    "medianResTime" : 6.0,
    "minResTime" : 3.0,
    "maxResTime" : 18.0,
    "pct1ResTime" : 7.0,
    "pct2ResTime" : 8.0,
    "pct3ResTime" : 13.0,
    "throughput" : 386.47342995169083,
    "receivedKBytesPerSec" : 521.8900966183576,
    "sentKBytesPerSec" : 48.686594202898554
  },
  "POST /api/user" : {
    "transaction" : "POST /api/user",
    "sampleCount" : 400,
    "errorCount" : 0,
    "errorPct" : 0.0,
    "meanResTime" : 115.205,
    "medianResTime" : 106.5,
    "minResTime" : 6.0,
    "maxResTime" : 420.0,
    "pct1ResTime" : 200.90000000000003,
    "pct2ResTime" : 242.0,
    "pct3ResTime" : 377.98,
    "throughput" : 97.82342871117633,
    "receivedKBytesPerSec" : 38.00210931768158,
    "sentKBytesPerSec" : 27.293118733186596
  },
  "POST /api/user/{user_id}/order" : {
    "transaction" : "POST /api/user/{user_id}/order",
    "sampleCount" : 400,
    "errorCount" : 0,
    "errorPct" : 0.0,
    "meanResTime" : 92.31750000000008,
    "medianResTime" : 70.0,
    "minResTime" : 4.0,
    "maxResTime" : 395.0,
    "pct1ResTime" : 208.90000000000003,
    "pct2ResTime" : 241.0,
    "pct3ResTime" : 356.94000000000005,
    "throughput" : 116.04293588627793,
    "receivedKBytesPerSec" : 41.589606904554685,
    "sentKBytesPerSec" : 27.424209457499273
  },
  "POST /api/category/{category_id}/item/{item_id}" : {
    "transaction" : "POST /api/category/{category_id}/item/{item_id}",
    "sampleCount" : 400,
    "errorCount" : 0,
    "errorPct" : 0.0,
    "meanResTime" : 7.294999999999999,
    "medianResTime" : 7.0,
    "minResTime" : 4.0,
    "maxResTime" : 19.0,
    "pct1ResTime" : 9.0,
    "pct2ResTime" : 10.0,
    "pct3ResTime" : 16.0,
    "throughput" : 378.0718336483932,
    "receivedKBytesPerSec" : 114.45534026465027,
    "sentKBytesPerSec" : 71.9961011342155
  },
  "DELETE /api/item/{id}" : {
    "transaction" : "DELETE /api/item/{id}",
    "sampleCount" : 400,
    "errorCount" : 0,
    "errorPct" : 0.0,
    "meanResTime" : 6.632499999999999,
    "medianResTime" : 6.0,
    "minResTime" : 4.0,
    "maxResTime" : 17.0,
    "pct1ResTime" : 8.0,
    "pct2ResTime" : 9.0,
    "pct3ResTime" : 13.980000000000018,
    "throughput" : 378.7878787878788,
    "receivedKBytesPerSec" : 37.73082386363636,
    "sentKBytesPerSec" : 79.53065814393939
  },
  "Debug Sampler" : {
    "transaction" : "Debug Sampler",
    "sampleCount" : 1,
    "errorCount" : 0,
    "errorPct" : 0.0,
    "meanResTime" : 3.0,
    "medianResTime" : 3.0,
    "minResTime" : 3.0,
    "maxResTime" : 3.0,
    "pct1ResTime" : 3.0,
    "pct2ResTime" : 3.0,
    "pct3ResTime" : 3.0,
    "throughput" : 333.3333333333333,
    "receivedKBytesPerSec" : 100.26041666666667,
    "sentKBytesPerSec" : 0.0
  },
  "DELETE /api/category/{id}" : {
    "transaction" : "DELETE /api/category/{id}",
    "sampleCount" : 400,
    "errorCount" : 0,
    "errorPct" : 0.0,
    "meanResTime" : 1.5075000000000003,
    "medianResTime" : 1.0,
    "minResTime" : 1.0,
    "maxResTime" : 7.0,
    "pct1ResTime" : 2.0,
    "pct2ResTime" : 2.0,
    "pct3ResTime" : 3.0,
    "throughput" : 405.26849037487335,
    "receivedKBytesPerSec" : 40.36854103343465,
    "sentKBytesPerSec" : 86.67363221884499
  },
  "Total" : {
    "transaction" : "Total",
    "sampleCount" : 4401,
    "errorCount" : 0,
    "errorPct" : 0.0,
    "meanResTime" : 25.62758463985458,
    "medianResTime" : 7.0,
    "minResTime" : 1.0,
    "maxResTime" : 420.0,
    "pct1ResTime" : 81.0,
    "pct2ResTime" : 148.0,
    "pct3ResTime" : 239.97999999999956,
    "throughput" : 183.95753218525329,
    "receivedKBytesPerSec" : 71.81546903736833,
    "sentKBytesPerSec" : 41.53288799949841
  },
  "POST /api/item" : {
    "transaction" : "POST /api/item",
    "sampleCount" : 400,
    "errorCount" : 0,
    "errorPct" : 0.0,
    "meanResTime" : 5.3950000000000005,
    "medianResTime" : 4.0,
    "minResTime" : 2.0,
    "maxResTime" : 45.0,
    "pct1ResTime" : 8.0,
    "pct2ResTime" : 13.949999999999989,
    "pct3ResTime" : 30.970000000000027,
    "throughput" : 186.65422305179655,
    "receivedKBytesPerSec" : 82.20806112925806,
    "sentKBytesPerSec" : 64.70922771815214
  }
}