{
  "DELETE /api/user/{id}" : {
    "transaction" : "DELETE /api/user/{id}",
    "sampleCount" : 400,
    "errorCount" : 0,
    "errorPct" : 0.0,
    "meanResTime" : 3.9800000000000018,
    "medianResTime" : 4.0,
    "minResTime" : 2.0,
    "maxResTime" : 17.0,
    "pct1ResTime" : 5.0,
    "pct2ResTime" : 6.0,
    "pct3ResTime" : 11.980000000000018,
    "throughput" : 391.7727717923604,
    "receivedKBytesPerSec" : 66.95335455435848,
    "sentKBytesPerSec" : 82.25697845249756
  },
  "POST /api/category" : {
    "transaction" : "POST /api/category",
    "sampleCount" : 400,
    "errorCount" : 0,
    "errorPct" : 0.0,
    "meanResTime" : 10.372499999999997,
    "medianResTime" : 6.0,
    "minResTime" : 3.0,
    "maxResTime" : 82.0,
    "pct1ResTime" : 21.900000000000034,
    "pct2ResTime" : 41.94999999999999,
    "pct3ResTime" : 61.97000000000003,
    "throughput" : 172.488141440276,
    "receivedKBytesPerSec" : 62.32481673134972,
    "sentKBytesPerSec" : 38.23711729193618
  },
  "POST /api/order/{order_id}/orderItem/{item_id}" : {
    "transaction" : "POST /api/order/{order_id}/orderItem/{item_id}",
    "sampleCount" : 400,
    "errorCount" : 0,
    "errorPct" : 0.0,
    "meanResTime" : 135.58000000000004,
    "medianResTime" : 149.5,
    "minResTime" : 10.0,
    "maxResTime" : 235.0,
    "pct1ResTime" : 187.0,
    "pct2ResTime" : 193.0,
    "pct3ResTime" : 207.97000000000003,
    "throughput" : 105.04201680672269,
    "receivedKBytesPerSec" : 38.57011554621849,
    "sentKBytesPerSec" : 22.465040703781515
  },
  "POST /api/user/{user_id}/addRate/{item_id}" : {
    "transaction" : "POST /api/user/{user_id}/addRate/{item_id}",
    "sampleCount" : 400,
    "errorCount" : 0,
    "errorPct" : 0.0,
    "meanResTime" : 99.99500000000002,
    "medianResTime" : 107.0,
    "minResTime" : 10.0,
    "maxResTime" : 227.0,
    "pct1ResTime" : 134.80000000000007,
    "pct2ResTime" : 159.89999999999998,
    "pct3ResTime" : 204.99,
    "throughput" : 138.36042891732964,
    "receivedKBytesPerSec" : 53.506572120373576,
    "sentKBytesPerSec" : 32.69846074022829
  },
  "GET /api/user/{user_id}" : {
    "transaction" : "GET /api/user/{user_id}",
    "sampleCount" : 400,
    "errorCount" : 0,
    "errorPct" : 0.0,
    "meanResTime" : 32.667499999999976,
    "medianResTime" : 34.0,
    "minResTime" : 3.0,
    "maxResTime" : 88.0,
    "pct1ResTime" : 51.0,
    "pct2ResTime" : 57.94999999999999,
    "pct3ResTime" : 68.99000000000001,
    "throughput" : 257.56600128783003,
    "receivedKBytesPerSec" : 257.26416613007086,
    "sentKBytesPerSec" : 32.4472794591114
  },
  "POST /api/user" : {
    "transaction" : "POST /api/user",
    "sampleCount" : 400,
    "errorCount" : 0,
    "errorPct" : 0.0,
    "meanResTime" : 266.1774999999996,
    "medianResTime" : 214.0,
    "minResTime" : 9.0,
    "maxResTime" : 1009.0,
    "pct1ResTime" : 456.2000000000003,
    "pct2ResTime" : 617.1499999999999,
    "pct3ResTime" : 915.7100000000003,
    "throughput" : 62.804207881928086,
    "receivedKBytesPerSec" : 26.54459098759617,
    "sentKBytesPerSec" : 17.522619327994978
  },
  "POST /api/user/{user_id}/order" : {
    "transaction" : "POST /api/user/{user_id}/order",
    "sampleCount" : 400,
    "errorCount" : 0,
    "errorPct" : 0.0,
    "meanResTime" : 124.95999999999992,
    "medianResTime" : 122.0,
    "minResTime" : 5.0,
    "maxResTime" : 370.0,
    "pct1ResTime" : 219.80000000000007,
    "pct2ResTime" : 255.89999999999998,
    "pct3ResTime" : 342.6600000000003,
    "throughput" : 102.7221366204417,
    "receivedKBytesPerSec" : 38.92205957883924,
    "sentKBytesPerSec" : 24.276129943502823
  },
  "POST /api/category/{category_id}/item/{item_id}" : {
    "transaction" : "POST /api/category/{category_id}/item/{item_id}",
    "sampleCount" : 400,
    "errorCount" : 0,
    "errorPct" : 0.0,
    "meanResTime" : 72.22750000000003,
    "medianResTime" : 74.0,
    "minResTime" : 7.0,
    "maxResTime" : 151.0,
    "pct1ResTime" : 110.0,
    "pct2ResTime" : 123.0,
    "pct3ResTime" : 133.99,
    "throughput" : 170.50298380221653,
    "receivedKBytesPerSec" : 61.60752344416027,
    "sentKBytesPerSec" : 32.46882992327365
  },
  "DELETE /api/item/{id}" : {
    "transaction" : "DELETE /api/item/{id}",
    "sampleCount" : 400,
    "errorCount" : 0,
    "errorPct" : 0.0,
    "meanResTime" : 3.1675000000000013,
    "medianResTime" : 3.0,
    "minResTime" : 2.0,
    "maxResTime" : 10.0,
    "pct1ResTime" : 4.0,
    "pct2ResTime" : 5.0,
    "pct3ResTime" : 6.0,
    "throughput" : 396.03960396039605,
    "receivedKBytesPerSec" : 67.6825495049505,
    "sentKBytesPerSec" : 83.15284653465346
  },
  "Debug Sampler" : {
    "transaction" : "Debug Sampler",
    "sampleCount" : 1,
    "errorCount" : 0,
    "errorPct" : 0.0,
    "meanResTime" : 2.0,
    "medianResTime" : 2.0,
    "minResTime" : 2.0,
    "maxResTime" : 2.0,
    "pct1ResTime" : 2.0,
    "pct2ResTime" : 2.0,
    "pct3ResTime" : 2.0,
    "throughput" : 500.0,
    "receivedKBytesPerSec" : 150.390625,
    "sentKBytesPerSec" : 0.0
  },
  "DELETE /api/category/{id}" : {
    "transaction" : "DELETE /api/category/{id}",
    "sampleCount" : 400,
    "errorCount" : 0,
    "errorPct" : 0.0,
    "meanResTime" : 2.9149999999999987,
    "medianResTime" : 3.0,
    "minResTime" : 2.0,
    "maxResTime" : 7.0,
    "pct1ResTime" : 4.0,
    "pct2ResTime" : 4.0,
    "pct3ResTime" : 5.0,
    "throughput" : 392.54170755642787,
    "receivedKBytesPerSec" : 67.08476447497547,
    "sentKBytesPerSec" : 83.95179097154073
  },
  "Total" : {
    "transaction" : "Total",
    "sampleCount" : 4401,
    "errorCount" : 0,
    "errorPct" : 0.0,
    "meanResTime" : 71.87139286525807,
    "medianResTime" : 36.0,
    "minResTime" : 2.0,
    "maxResTime" : 1009.0,
    "pct1ResTime" : 181.0,
    "pct2ResTime" : 227.89999999999964,
    "pct3ResTime" : 441.97999999999956,
    "throughput" : 136.9918446118409,
    "receivedKBytesPerSec" : 53.04273116011953,
    "sentKBytesPerSec" : 30.92924150221005
  },
  "POST /api/item" : {
    "transaction" : "POST /api/item",
    "sampleCount" : 400,
    "errorCount" : 0,
    "errorPct" : 0.0,
    "meanResTime" : 38.717499999999966,
    "medianResTime" : 16.0,
    "minResTime" : 3.0,
    "maxResTime" : 178.0,
    "pct1ResTime" : 98.90000000000003,
    "pct2ResTime" : 124.89999999999998,
    "pct3ResTime" : 158.93000000000006,
    "throughput" : 145.50745725718443,
    "receivedKBytesPerSec" : 68.34871771553291,
    "sentKBytesPerSec" : 50.444479810840306
  }
}