{
  "DELETE /api/user/{id}" : {
    "transaction" : "DELETE /api/user/{id}",
    "sampleCount" : 5000,
    "errorCount" : 0,
    "errorPct" : 0.0,
    "meanResTime" : 24.068799999999953,
    "medianResTime" : 13.0,
    "minResTime" : 6.0,
    "maxResTime" : 5258.0,
    "pct1ResTime" : 17.0,
    "pct2ResTime" : 20.0,
    "pct3ResTime" : 48.0,
    "throughput" : 398.18427968463806,
    "receivedKBytesPerSec" : 68.04907123516763,
    "sentKBytesPerSec" : 83.99199649597834
  },
  "GET /api/user" : {
    "transaction" : "GET /api/user",
    "sampleCount" : 5000,
    "errorCount" : 0,
    "errorPct" : 0.0,
    "meanResTime" : 1221.977400000005,
    "medianResTime" : 1218.0,
    "minResTime" : 115.0,
    "maxResTime" : 1967.0,
    "pct1ResTime" : 1239.0,
    "pct2ResTime" : 1262.9499999999998,
    "pct3ResTime" : 1495.9899999999998,
    "throughput" : 8.16417169579643,
    "receivedKBytesPerSec" : 7727.603776317207,
    "sentKBytesPerSec" : 0.988630166287849
  },
  "GET /api/user/{id}" : {
    "transaction" : "GET /api/user/{id}",
    "sampleCount" : 5000,
    "errorCount" : 0,
    "errorPct" : 0.0,
    "meanResTime" : 11.893999999999979,
    "medianResTime" : 13.0,
    "minResTime" : 1.0,
    "maxResTime" : 36.0,
    "pct1ResTime" : 15.0,
    "pct2ResTime" : 16.0,
    "pct3ResTime" : 18.0,
    "throughput" : 734.8618459729571,
    "receivedKBytesPerSec" : 307.7233980011758,
    "sentKBytesPerSec" : 93.29300778953557
  },
  "Total" : {
    "transaction" : "Total",
    "sampleCount" : 25000,
    "errorCount" : 0,
    "errorPct" : 0.0,
    "meanResTime" : 256.70139999999833,
    "medianResTime" : 13.0,
    "minResTime" : 0.0,
    "maxResTime" : 5258.0,
    "pct1ResTime" : 1221.0,
    "pct2ResTime" : 1229.0,
    "pct3ResTime" : 1287.0,
    "throughput" : 37.512810624828376,
    "receivedKBytesPerSec" : 7111.313767557871,
    "sentKBytesPerSec" : 7.655690590211558
  },
  "PUT /api/user/{id}" : {
    "transaction" : "PUT /api/user/{id}",
    "sampleCount" : 5000,
    "errorCount" : 0,
    "errorPct" : 0.0,
    "meanResTime" : 9.51960000000002,
    "medianResTime" : 6.0,
    "minResTime" : 0.0,
    "maxResTime" : 122.0,
    "pct1ResTime" : 17.0,
    "pct2ResTime" : 37.0,
    "pct3ResTime" : 59.0,
    "throughput" : 897.0218873340509,
    "receivedKBytesPerSec" : 279.6185414424112,
    "sentKBytesPerSec" : 253.33860333692144
  },
  "POST /api/user" : {
    "transaction" : "POST /api/user",
    "sampleCount" : 5000,
    "errorCount" : 0,
    "errorPct" : 0.0,
    "meanResTime" : 16.047200000000018,
    "medianResTime" : 6.0,
    "minResTime" : 2.0,
    "maxResTime" : 210.0,
    "pct1ResTime" : 57.0,
    "pct2ResTime" : 88.0,
    "pct3ResTime" : 127.97999999999956,
    "throughput" : 172.22375310002755,
    "receivedKBytesPerSec" : 72.95963290507026,
    "sentKBytesPerSec" : 48.051099863943236
  }
}