{
  "DELETE /api/user/{id}" : {
    "transaction" : "DELETE /api/user/{id}",
    "sampleCount" : 1000,
    "errorCount" : 0,
    "errorPct" : 0.0,
    "meanResTime" : 18.901999999999983,
    "medianResTime" : 16.0,
    "minResTime" : 2.0,
    "maxResTime" : 728.0,
    "pct1ResTime" : 19.0,
    "pct2ResTime" : 20.0,
    "pct3ResTime" : 24.0,
    "throughput" : 416.1464835622139,
    "receivedKBytesPerSec" : 71.11878381190179,
    "sentKBytesPerSec" : 87.78089887640449
  },
  "GET /api/user" : {
    "transaction" : "GET /api/user",
    "sampleCount" : 1000,
    "errorCount" : 0,
    "errorPct" : 0.0,
    "meanResTime" : 251.58700000000005,
    "medianResTime" : 256.0,
    "minResTime" : 30.0,
    "maxResTime" : 401.0,
    "pct1ResTime" : 281.0,
    "pct2ResTime" : 287.0,
    "pct3ResTime" : 296.99,
    "throughput" : 38.233607340852615,
    "receivedKBytesPerSec" : 7245.081903555725,
    "sentKBytesPerSec" : 4.6298508889313705
  },
  "GET /api/user/{id}" : {
    "transaction" : "GET /api/user/{id}",
    "sampleCount" : 1000,
    "errorCount" : 0,
    "errorPct" : 0.0,
    "meanResTime" : 10.969999999999999,
    "medianResTime" : 11.0,
    "minResTime" : 1.0,
    "maxResTime" : 26.0,
    "pct1ResTime" : 16.0,
    "pct2ResTime" : 17.0,
    "pct3ResTime" : 21.99000000000001,
    "throughput" : 514.4032921810699,
    "receivedKBytesPerSec" : 215.40637860082305,
    "sentKBytesPerSec" : 65.3051054526749
  },
  "Total" : {
    "transaction" : "Total",
    "sampleCount" : 5000,
    "errorCount" : 0,
    "errorPct" : 0.0,
    "meanResTime" : 67.34060000000039,
    "medianResTime" : 15.0,
    "minResTime" : 1.0,
    "maxResTime" : 728.0,
    "pct1ResTime" : 256.0,
    "pct2ResTime" : 265.0,
    "pct3ResTime" : 288.0,
    "throughput" : 121.66930283489475,
    "receivedKBytesPerSec" : 4643.3901250152085,
    "sentKBytesPerSec" : 24.830518463316707
  },
  "PUT /api/user/{id}" : {
    "transaction" : "PUT /api/user/{id}",
    "sampleCount" : 1000,
    "errorCount" : 0,
    "errorPct" : 0.0,
    "meanResTime" : 9.452999999999998,
    "medianResTime" : 6.0,
    "minResTime" : 1.0,
    "maxResTime" : 79.0,
    "pct1ResTime" : 20.0,
    "pct2ResTime" : 38.94999999999993,
    "pct3ResTime" : 60.99000000000001,
    "throughput" : 561.1672278338945,
    "receivedKBytesPerSec" : 174.9263468013468,
    "sentKBytesPerSec" : 158.48590067340066
  },
  "POST /api/user" : {
    "transaction" : "POST /api/user",
    "sampleCount" : 1000,
    "errorCount" : 0,
    "errorPct" : 0.0,
    "meanResTime" : 45.791000000000096,
    "medianResTime" : 32.0,
    "minResTime" : 3.0,
    "maxResTime" : 196.0,
    "pct1ResTime" : 110.89999999999998,
    "pct2ResTime" : 129.94999999999993,
    "pct3ResTime" : 163.99,
    "throughput" : 113.94712853236098,
    "receivedKBytesPerSec" : 48.27174253646308,
    "sentKBytesPerSec" : 31.791693966499544
  }
}