{
  "DELETE /api/user/{id}" : {
    "transaction" : "DELETE /api/user/{id}",
    "sampleCount" : 100,
    "errorCount" : 0,
    "errorPct" : 0.0,
    "meanResTime" : 3.7400000000000015,
    "medianResTime" : 4.0,
    "minResTime" : 3.0,
    "maxResTime" : 6.0,
    "pct1ResTime" : 5.0,
    "pct2ResTime" : 5.0,
    "pct3ResTime" : 5.989999999999995,
    "throughput" : 106.38297872340425,
    "receivedKBytesPerSec" : 18.18068484042553,
    "sentKBytesPerSec" : 22.440159574468087
  },
  "GET /api/user" : {
    "transaction" : "GET /api/user",
    "sampleCount" : 100,
    "errorCount" : 0,
    "errorPct" : 0.0,
    "meanResTime" : 8.459999999999996,
    "medianResTime" : 7.0,
    "minResTime" : 4.0,
    "maxResTime" : 29.0,
    "pct1ResTime" : 15.0,
    "pct2ResTime" : 18.899999999999977,
    "pct3ResTime" : 28.969999999999985,
    "throughput" : 101.7293997965412,
    "receivedKBytesPerSec" : 1949.2505404374365,
    "sentKBytesPerSec" : 12.318794506612411
  },
  "GET /api/user/{id}" : {
    "transaction" : "GET /api/user/{id}",
    "sampleCount" : 100,
    "errorCount" : 0,
    "errorPct" : 0.0,
    "meanResTime" : 3.530000000000001,
    "medianResTime" : 3.0,
    "minResTime" : 2.0,
    "maxResTime" : 7.0,
    "pct1ResTime" : 5.0,
    "pct2ResTime" : 5.0,
    "pct3ResTime" : 7.0,
    "throughput" : 106.95187165775401,
    "receivedKBytesPerSec" : 44.78609625668449,
    "sentKBytesPerSec" : 13.5778743315508
  },
  "Total" : {
    "transaction" : "Total",
    "sampleCount" : 500,
    "errorCount" : 0,
    "errorPct" : 0.0,
    "meanResTime" : 20.830000000000005,
    "medianResTime" : 4.0,
    "minResTime" : 1.0,
    "maxResTime" : 166.0,
    "pct1ResTime" : 91.90000000000003,
    "pct2ResTime" : 116.89999999999998,
    "pct3ResTime" : 139.95000000000005,
    "throughput" : 90.28530155290719,
    "receivedKBytesPerSec" : 369.9193357258938,
    "sentKBytesPerSec" : 18.425607732936076
  },
  "PUT /api/user/{id}" : {
    "transaction" : "PUT /api/user/{id}",
    "sampleCount" : 100,
    "errorCount" : 0,
    "errorPct" : 0.0,
    "meanResTime" : 2.779999999999999,
    "medianResTime" : 3.0,
    "minResTime" : 1.0,
    "maxResTime" : 9.0,
    "pct1ResTime" : 3.9000000000000057,
    "pct2ResTime" : 4.0,
    "pct3ResTime" : 8.969999999999985,
    "throughput" : 106.83760683760683,
    "receivedKBytesPerSec" : 33.303285256410255,
    "sentKBytesPerSec" : 30.17327724358974
  },
  "POST /api/user" : {
    "transaction" : "POST /api/user",
    "sampleCount" : 100,
    "errorCount" : 0,
    "errorPct" : 0.0,
    "meanResTime" : 85.64,
    "medianResTime" : 91.5,
    "minResTime" : 7.0,
    "maxResTime" : 166.0,
    "pct1ResTime" : 133.0,
    "pct2ResTime" : 139.74999999999994,
    "pct3ResTime" : 165.95999999999998,
    "throughput" : 59.031877213695395,
    "receivedKBytesPerSec" : 25.007840171192445,
    "sentKBytesPerSec" : 16.47012433589138
  }
}