{
  "DELETE /api/user/{id}" : {
    "transaction" : "DELETE /api/user/{id}",
    "sampleCount" : 5000,
    "errorCount" : 0,
    "errorPct" : 0.0,
    "meanResTime" : 8.565399999999968,
    "medianResTime" : 8.0,
    "minResTime" : 2.0,
    "maxResTime" : 43.0,
    "pct1ResTime" : 13.0,
    "pct2ResTime" : 17.0,
    "pct3ResTime" : 26.0,
    "throughput" : 985.2216748768473,
    "receivedKBytesPerSec" : 97.8582974137931,
    "sentKBytesPerSec" : 207.82019704433498
  },
  "GET /api/user" : {
    "transaction" : "GET /api/user",
    "sampleCount" : 5000,
    "errorCount" : 0,
    "errorPct" : 0.0,
    "meanResTime" : 227.42279999999994,
    "medianResTime" : 128.0,
    "minResTime" : 42.0,
    "maxResTime" : 1248.0,
    "pct1ResTime" : 512.9000000000005,
    "pct2ResTime" : 620.0,
    "pct3ResTime" : 790.0,
    "throughput" : 42.785141576033475,
    "receivedKBytesPerSec" : 41788.36936399352,
    "sentKBytesPerSec" : 5.181013237722803
  },
  "GET /api/user/{id}" : {
    "transaction" : "GET /api/user/{id}",
    "sampleCount" : 5000,
    "errorCount" : 0,
    "errorPct" : 0.0,
    "meanResTime" : 3.5979999999999976,
    "medianResTime" : 2.0,
    "minResTime" : 1.0,
    "maxResTime" : 753.0,
    "pct1ResTime" : 4.0,
    "pct2ResTime" : 6.0,
    "pct3ResTime" : 24.0,
    "throughput" : 1437.1945961483186,
    "receivedKBytesPerSec" : 521.4181293115838,
    "sentKBytesPerSec" : 182.45634521414198
  },
  "Total" : {
    "transaction" : "Total",
    "sampleCount" : 25000,
    "errorCount" : 0,
    "errorPct" : 0.0,
    "meanResTime" : 53.59471999999995,
    "medianResTime" : 9.0,
    "minResTime" : 1.0,
    "maxResTime" : 1248.0,
    "pct1ResTime" : 171.0,
    "pct2ResTime" : 390.9500000000007,
    "pct3ResTime" : 644.9900000000016,
    "throughput" : 154.69435489360123,
    "receivedKBytesPerSec" : 30254.782025502136,
    "sentKBytesPerSec" : 31.570338169594514
  },
  "PUT /api/user/{id}" : {
    "transaction" : "PUT /api/user/{id}",
    "sampleCount" : 5000,
    "errorCount" : 0,
    "errorPct" : 0.0,
    "meanResTime" : 11.722400000000013,
    "medianResTime" : 11.0,
    "minResTime" : 3.0,
    "maxResTime" : 58.0,
    "pct1ResTime" : 18.0,
    "pct2ResTime" : 21.0,
    "pct3ResTime" : 28.0,
    "throughput" : 740.8504963698326,
    "receivedKBytesPerSec" : 267.62500694547344,
    "sentKBytesPerSec" : 209.2323862794488
  },
  "POST /api/user" : {
    "transaction" : "POST /api/user",
    "sampleCount" : 5000,
    "errorCount" : 0,
    "errorPct" : 0.0,
    "meanResTime" : 16.664999999999985,
    "medianResTime" : 4.0,
    "minResTime" : 2.0,
    "maxResTime" : 369.0,
    "pct1ResTime" : 37.0,
    "pct2ResTime" : 88.0,
    "pct3ResTime" : 179.0,
    "throughput" : 170.0159815022612,
    "receivedKBytesPerSec" : 61.682262976469794,
    "sentKBytesPerSec" : 47.43512296405862
  }
}