{
  "DELETE /api/user/{id}" : {
    "transaction" : "DELETE /api/user/{id}",
    "sampleCount" : 1000,
    "errorCount" : 0,
    "errorPct" : 0.0,
    "meanResTime" : 17.256000000000004,
    "medianResTime" : 14.0,
    "minResTime" : 4.0,
    "maxResTime" : 75.0,
    "pct1ResTime" : 33.0,
    "pct2ResTime" : 40.0,
    "pct3ResTime" : 57.0,
    "throughput" : 393.5458480913027,
    "receivedKBytesPerSec" : 39.08940254820937,
    "sentKBytesPerSec" : 83.01357733175915
  },
  "GET /api/user" : {
    "transaction" : "GET /api/user",
    "sampleCount" : 1000,
    "errorCount" : 0,
    "errorPct" : 0.0,
    "meanResTime" : 62.14399999999994,
    "medianResTime" : 33.0,
    "minResTime" : 10.0,
    "maxResTime" : 850.0,
    "pct1ResTime" : 120.0,
    "pct2ResTime" : 188.6999999999996,
    "pct3ResTime" : 406.7900000000002,
    "throughput" : 130.92432573972243,
    "receivedKBytesPerSec" : 25592.47220926617,
    "sentKBytesPerSec" : 15.854117570044515
  },
  "GET /api/user/{id}" : {
    "transaction" : "GET /api/user/{id}",
    "sampleCount" : 1000,
    "errorCount" : 0,
    "errorPct" : 0.0,
    "meanResTime" : 5.927999999999997,
    "medianResTime" : 4.0,
    "minResTime" : 2.0,
    "maxResTime" : 334.0,
    "pct1ResTime" : 6.0,
    "pct2ResTime" : 9.0,
    "pct3ResTime" : 47.90000000000009,
    "throughput" : 451.8752824220515,
    "receivedKBytesPerSec" : 163.94158805919565,
    "sentKBytesPerSec" : 57.366979213737004
  },
  "Total" : {
    "transaction" : "Total",
    "sampleCount" : 5000,
    "errorCount" : 0,
    "errorPct" : 0.0,
    "meanResTime" : 34.38199999999993,
    "medianResTime" : 19.0,
    "minResTime" : 2.0,
    "maxResTime" : 850.0,
    "pct1ResTime" : 84.90000000000055,
    "pct2ResTime" : 122.94999999999982,
    "pct3ResTime" : 248.96999999999935,
    "throughput" : 188.2955486932289,
    "receivedKBytesPerSec" : 7406.096053678354,
    "sentKBytesPerSec" : 38.427738052647435
  },
  "PUT /api/user/{id}" : {
    "transaction" : "PUT /api/user/{id}",
    "sampleCount" : 1000,
    "errorCount" : 0,
    "errorPct" : 0.0,
    "meanResTime" : 23.554000000000016,
    "medianResTime" : 19.0,
    "minResTime" : 5.0,
    "maxResTime" : 157.0,
    "pct1ResTime" : 45.0,
    "pct2ResTime" : 54.0,
    "pct3ResTime" : 79.99000000000001,
    "throughput" : 307.7870113881194,
    "receivedKBytesPerSec" : 111.18505213142505,
    "sentKBytesPerSec" : 86.92578485687903
  },
  "POST /api/user" : {
    "transaction" : "POST /api/user",
    "sampleCount" : 1000,
    "errorCount" : 0,
    "errorPct" : 0.0,
    "meanResTime" : 63.028000000000006,
    "medianResTime" : 45.0,
    "minResTime" : 4.0,
    "maxResTime" : 365.0,
    "pct1ResTime" : 147.0,
    "pct2ResTime" : 199.0,
    "pct3ResTime" : 252.98000000000002,
    "throughput" : 92.04712812960236,
    "receivedKBytesPerSec" : 33.394949776785715,
    "sentKBytesPerSec" : 25.681508307253313
  }
}