{
  "DELETE /api/user/{id}" : {
    "transaction" : "DELETE /api/user/{id}",
    "sampleCount" : 100,
    "errorCount" : 0,
    "errorPct" : 0.0,
    "meanResTime" : 8.38,
    "medianResTime" : 7.0,
    "minResTime" : 4.0,
    "maxResTime" : 31.0,
    "pct1ResTime" : 12.0,
    "pct2ResTime" : 17.94999999999999,
    "pct3ResTime" : 30.949999999999974,
    "throughput" : 103.95010395010395,
    "receivedKBytesPerSec" : 10.354404885654885,
    "sentKBytesPerSec" : 21.926975051975052
  },
  "GET /api/user" : {
    "transaction" : "GET /api/user",
    "sampleCount" : 100,
    "errorCount" : 0,
    "errorPct" : 0.0,
    "meanResTime" : 60.21000000000002,
    "medianResTime" : 29.0,
    "minResTime" : 10.0,
    "maxResTime" : 841.0,
    "pct1ResTime" : 119.00000000000017,
    "pct2ResTime" : 198.49999999999966,
    "pct3ResTime" : 839.6299999999993,
    "throughput" : 51.15089514066496,
    "receivedKBytesPerSec" : 1007.5827205882352,
    "sentKBytesPerSec" : 6.194053708439897
  },
  "GET /api/user/{id}" : {
    "transaction" : "GET /api/user/{id}",
    "sampleCount" : 100,
    "errorCount" : 0,
    "errorPct" : 0.0,
    "meanResTime" : 10.539999999999997,
    "medianResTime" : 8.0,
    "minResTime" : 4.0,
    "maxResTime" : 65.0,
    "pct1ResTime" : 16.900000000000006,
    "pct2ResTime" : 23.899999999999977,
    "pct3ResTime" : 64.72999999999986,
    "throughput" : 100.6036217303823,
    "receivedKBytesPerSec" : 36.527760311871226,
    "sentKBytesPerSec" : 12.77194416498994
  },
  "Total" : {
    "transaction" : "Total",
    "sampleCount" : 500,
    "errorCount" : 0,
    "errorPct" : 0.0,
    "meanResTime" : 62.51800000000009,
    "medianResTime" : 16.0,
    "minResTime" : 4.0,
    "maxResTime" : 841.0,
    "pct1ResTime" : 175.80000000000007,
    "pct2ResTime" : 271.69999999999993,
    "pct3ResTime" : 651.98,
    "throughput" : 59.16459590580996,
    "receivedKBytesPerSec" : 247.1369882262454,
    "sentKBytesPerSec" : 12.07443091054313
  },
  "PUT /api/user/{id}" : {
    "transaction" : "PUT /api/user/{id}",
    "sampleCount" : 100,
    "errorCount" : 0,
    "errorPct" : 0.0,
    "meanResTime" : 19.460000000000008,
    "medianResTime" : 17.0,
    "minResTime" : 9.0,
    "maxResTime" : 75.0,
    "pct1ResTime" : 30.900000000000006,
    "pct2ResTime" : 42.799999999999955,
    "pct3ResTime" : 74.81999999999991,
    "throughput" : 85.83690987124463,
    "receivedKBytesPerSec" : 31.032054721030043,
    "sentKBytesPerSec" : 24.242221030042916
  },
  "POST /api/user" : {
    "transaction" : "POST /api/user",
    "sampleCount" : 100,
    "errorCount" : 0,
    "errorPct" : 0.0,
    "meanResTime" : 213.99999999999997,
    "medianResTime" : 167.5,
    "minResTime" : 14.0,
    "maxResTime" : 771.0,
    "pct1ResTime" : 532.9000000000001,
    "pct2ResTime" : 587.6499999999999,
    "pct3ResTime" : 770.3099999999996,
    "throughput" : 30.293850348379276,
    "receivedKBytesPerSec" : 10.999271054225991,
    "sentKBytesPerSec" : 8.452102582550742
  }
}